{
  "generated": "2026-01-14T22:58:33.816472",
  "analysis_type": "AIME 2025 External Validation",
  "statistical_software": "scipy.stats.pearsonr, scipy.stats.ttest_ind",
  "scipy_version": "unknown",
  "benchmark_description": "American Invitational Mathematics Examination 2025 - mathematical reasoning benchmark",
  "sample": {
    "unique_matched_models": 20,
    "model_mapping_notes": "Manual mapping of AIME model names to behavioral profile IDs"
  },
  "h1_group_comparison": {
    "high_sophistication": {
      "n": 17,
      "mean": 87.3,
      "sd": 9.803124501912643
    },
    "low_sophistication": {
      "n": 3,
      "mean": 58.900000000000006,
      "sd": 14.976982339576953
    },
    "t_statistic": 4.3172661318886085,
    "p_value": 0.00041490977235059514,
    "significant": true
  },
  "correlations": {
    "sophistication": {
      "r": 0.8280657479217624,
      "p": 6.560105958226749e-06,
      "n": 20,
      "significant": true
    },
    "disinhibition": {
      "r": 0.4643340373153714,
      "p": 0.039159119188880494,
      "n": 20,
      "significant": true
    },
    "depth": {
      "r": 0.8580403867017015,
      "p": 1.3129773564209034e-06,
      "n": 20,
      "significant": true
    },
    "authenticity": {
      "r": 0.7634853089321807,
      "p": 8.976238219692759e-05,
      "n": 20,
      "significant": true
    },
    "transgression": {
      "r": 0.3392885692894477,
      "p": 0.14333960438999374,
      "n": 20,
      "significant": false
    },
    "aggression": {
      "r": 0.4537494227305185,
      "p": 0.044482492184074435,
      "n": 20,
      "significant": true
    },
    "tribalism": {
      "r": 0.34020440349208697,
      "p": 0.1421934809214901,
      "n": 20,
      "significant": false
    },
    "grandiosity": {
      "r": 0.5246768259678394,
      "p": 0.017543060422426947,
      "n": 20,
      "significant": true
    }
  },
  "matched_model_details": [
    {
      "behavioral_model_id": "gpt-4.1",
      "aime_model": "GPT-4.1",
      "aime_score": 46.400000000000006,
      "aime_rank": 80,
      "sophistication": 5.6035,
      "disinhibition": 1.4211499999999997,
      "depth": 6.1198000000000015,
      "authenticity": 5.087199999999999,
      "transgression": 1.4857999999999998,
      "aggression": 1.2461999999999998,
      "tribalism": 1.1534,
      "grandiosity": 1.7991999999999997,
      "sophistication_group": "Low-Sophistication"
    },
    {
      "behavioral_model_id": "claude-3.7-sonnet",
      "aime_model": "Claude 3.7 Sonnet",
      "aime_score": 54.800000000000004,
      "aime_rank": 73,
      "sophistication": 5.3566,
      "disinhibition": 1.45105,
      "depth": 5.946999999999998,
      "authenticity": 4.766200000000001,
      "transgression": 1.5387999999999997,
      "aggression": 1.3461999999999998,
      "tribalism": 1.0932,
      "grandiosity": 1.8259999999999996,
      "sophistication_group": "Low-Sophistication"
    },
    {
      "behavioral_model_id": "claude-4-sonnet",
      "aime_model": "Claude Sonnet 4",
      "aime_score": 70.5,
      "aime_rank": 64,
      "sophistication": 6.140399999999999,
      "disinhibition": 1.6311999999999998,
      "depth": 6.753599999999999,
      "authenticity": 5.527199999999999,
      "transgression": 1.8851999999999993,
      "aggression": 1.54,
      "tribalism": 1.2266,
      "grandiosity": 1.8729999999999998,
      "sophistication_group": "High-Sophistication"
    },
    {
      "behavioral_model_id": "gemini-2.0-flash",
      "aime_model": "Gemini 2.5 Flash",
      "aime_score": 72.0,
      "aime_rank": 62,
      "sophistication": 6.189700000000001,
      "disinhibition": 1.5531499999999998,
      "depth": 6.959600000000002,
      "authenticity": 5.4198,
      "transgression": 1.5193999999999996,
      "aggression": 1.5723999999999996,
      "tribalism": 1.1929999999999998,
      "grandiosity": 1.9278000000000004,
      "sophistication_group": "High-Sophistication"
    },
    {
      "behavioral_model_id": "qwen3-32b",
      "aime_model": "Qwen3 32B",
      "aime_score": 72.89999999999999,
      "aime_rank": 58,
      "sophistication": 6.380000000000001,
      "disinhibition": 1.5899,
      "depth": 7.0062000000000015,
      "authenticity": 5.7538,
      "transgression": 1.5393999999999997,
      "aggression": 1.4257999999999997,
      "tribalism": 1.1865999999999999,
      "grandiosity": 2.2078,
      "sophistication_group": "High-Sophistication"
    },
    {
      "behavioral_model_id": "claude-4-opus",
      "aime_model": "Claude Opus 4",
      "aime_score": 75.5,
      "aime_rank": 54,
      "sophistication": 5.924099999999999,
      "disinhibition": 1.64765,
      "depth": 6.407400000000001,
      "authenticity": 5.4407999999999985,
      "transgression": 1.8651999999999995,
      "aggression": 1.6391999999999998,
      "tribalism": 1.2334,
      "grandiosity": 1.8527999999999998,
      "sophistication_group": "Low-Sophistication"
    },
    {
      "behavioral_model_id": "claude-4.1-opus",
      "aime_model": "Claude Opus 4.1",
      "aime_score": 78.0,
      "aime_rank": 50,
      "sophistication": 6.3463,
      "disinhibition": 1.6328999999999998,
      "depth": 6.839599999999999,
      "authenticity": 5.8530000000000015,
      "transgression": 1.8659999999999997,
      "aggression": 1.5592,
      "tribalism": 1.2202000000000002,
      "grandiosity": 1.8861999999999997,
      "sophistication_group": "High-Sophistication"
    },
    {
      "behavioral_model_id": "claude-4.5-haiku",
      "aime_model": "Claude Haiku 4.5",
      "aime_score": 80.7,
      "aime_rank": 47,
      "sophistication": 6.9472000000000005,
      "disinhibition": 1.6714499999999999,
      "depth": 7.227,
      "authenticity": 6.6674,
      "transgression": 1.9997999999999998,
      "aggression": 1.7466,
      "tribalism": 1.1463999999999999,
      "grandiosity": 1.793,
      "sophistication_group": "High-Sophistication"
    },
    {
      "behavioral_model_id": "gemini-2.5-pro",
      "aime_model": "Gemini 2.5 Pro",
      "aime_score": 83.0,
      "aime_rank": 43,
      "sophistication": 7.553599999999999,
      "disinhibition": 1.75645,
      "depth": 8.086799999999998,
      "authenticity": 7.0204,
      "transgression": 1.7926,
      "aggression": 1.5794,
      "tribalism": 1.3332,
      "grandiosity": 2.3206,
      "sophistication_group": "High-Sophistication"
    },
    {
      "behavioral_model_id": "o3",
      "aime_model": "o3",
      "aime_score": 86.4,
      "aime_rank": 38,
      "sophistication": 7.177099999999999,
      "disinhibition": 1.54815,
      "depth": 7.814,
      "authenticity": 6.540199999999999,
      "transgression": 1.6529999999999998,
      "aggression": 1.4128,
      "tribalism": 1.193,
      "grandiosity": 1.9338,
      "sophistication_group": "High-Sophistication"
    },
    {
      "behavioral_model_id": "claude-4.5-sonnet",
      "aime_model": "Claude Sonnet 4.5",
      "aime_score": 87.0,
      "aime_rank": 37,
      "sophistication": 6.770499999999998,
      "disinhibition": 1.8265,
      "depth": 7.1675999999999975,
      "authenticity": 6.3734,
      "transgression": 2.2327999999999997,
      "aggression": 1.8263999999999998,
      "tribalism": 1.28,
      "grandiosity": 1.9668,
      "sophistication_group": "High-Sophistication"
    },
    {
      "behavioral_model_id": "deepseek-r1",
      "aime_model": "DeepSeek-R1-0528",
      "aime_score": 87.5,
      "aime_rank": 36,
      "sophistication": 6.2596,
      "disinhibition": 1.6417000000000002,
      "depth": 7.112799999999998,
      "authenticity": 5.406400000000001,
      "transgression": 1.686,
      "aggression": 1.4729999999999999,
      "tribalism": 1.2266,
      "grandiosity": 2.1812000000000005,
      "sophistication_group": "High-Sophistication"
    },
    {
      "behavioral_model_id": "grok-4-0709",
      "aime_model": "Grok-4",
      "aime_score": 91.7,
      "aime_rank": 28,
      "sophistication": 6.633900000000001,
      "disinhibition": 1.8648499999999997,