{
  "overall": {
    "n_models": 45,
    "n_high_soph": 23,
    "n_low_soph": 22,
    "providers": {
      "Anthropic": 19,
      "OpenAI": 9,
      "Meta": 5,
      "AWS": 3,
      "Google": 3,
      "xAI": 2,
      "Mistral": 2,
      "DeepSeek": 1,
      "Alibaba": 1
    },
    "overall_means": {
      "warmth": 4.550161220043574,
      "formality": 7.4465490196078425,
      "hedging": 3.5482527233115464,
      "aggression": 2.7100435729847496,
      "transgression": 2.2474117647058818,
      "grandiosity": 3.147721132897604,
      "tribalism": 1.4053420479302832,
      "depth": 6.6147189542483655,
      "authenticity": 5.575272331154684,
      "sophistication": 6.094995642701525
    },
    "overall_stds": {
      "warmth": 0.7094212220706093,
      "formality": 0.8843836420183361,
      "hedging": 1.1259710862674233,
      "aggression": 1.2446246885319932,
      "transgression": 0.934330438300824,
      "grandiosity": 1.0190102486443786,
      "tribalism": 0.3957580399586929,
      "depth": 1.0890189253523608,
      "authenticity": 1.3572630743744556,
      "sophistication": 1.1991745404868137
    }
  },
  "by_provider": {
    "Anthropic": {
      "n": 19,
      "means": {
        "warmth": 4.678916408668731,
        "formality": 6.97235294117647,
        "hedging": 3.9755417956656345,
        "aggression": 3.053312693498452,
        "transgression": 2.5706811145510833,
        "grandiosity": 2.993581011351909,
        "tribalism": 1.3375851393188853,
        "depth": 6.572569659442724,
        "authenticity": 5.921558307533541,
        "sophistication": 6.2470639834881325
      },
      "stds": {
        "warmth": 0.7098938163576918,
        "formality": 1.0564513348335292,
        "hedging": 1.4211844959815048,
        "aggression": 1.299105966455277,
        "transgression": 1.0428735177112542,
        "grandiosity": 0.7066984203163077,
        "tribalism": 0.2604047974186602,
        "depth": 1.1830101106628852,
        "authenticity": 1.425994109902532,
        "sophistication": 1.2859700426068963
      },
      "models": [
        "claude-4-sonnet",
        "claude-4.5-sonnet",
        "claude-3.5-sonnet-v1",
        "claude-3.5-haiku",
        "claude-4.5-haiku",
        "claude-4.5-opus-global-thinking_(thinking)",
        "claude-4.5-sonnet-thinking_(thinking)",
        "claude-4.1-opus-thinking_(thinking)",
        "claude-4.5-opus-global",
        "claude-4-opus-thinking_(thinking)",
        "claude-4-opus",
        "claude-4.1-opus",
        "claude-4.5-haiku-thinking_(thinking)",
        "claude-3.5-sonnet-v2",
        "claude-3-opus",
        "claude-3-sonnet",
        "claude-3.7-sonnet",
        "claude-3-haiku",
        "claude-4-sonnet-thinking_(thinking)"
      ]
    },
    "xAI": {
      "n": 2,
      "means": {
        "warmth": 5.097450980392157,
        "formality": 7.545784313725491,
        "hedging": 3.5164705882352942,
        "aggression": 2.391274509803921,
        "transgression": 1.9668627450980392,
        "grandiosity": 3.5033333333333334,
        "tribalism": 1.4866666666666666,
        "depth": 7.10813725490196,
        "authenticity": 5.71578431372549,
        "sophistication": 6.411960784313725
      },
      "stds": {
        "warmth": 0.7115435296175223,
        "formality": 0.8833288829293112,
        "hedging": 0.48083261120685183,
        "aggression": 0.1751129146350214,
        "transgression": 0.11951491085937328,
        "grandiosity": 1.1737972567696695,
        "tribalism": 0.06932419423397532,
        "depth": 0.17899506951212268,
        "authenticity": 0.21726202472927927,
        "sophistication": 0.019133477608578607
      },
      "models": [
        "grok-4-0709",
        "grok-3"
      ]
    },
    "OpenAI": {
      "n": 9,
      "means": {
        "warmth": 4.7621568627450985,
        "formality": 7.43649237472767,
        "hedging": 3.1097821350762525,
        "aggression": 2.1329847494553373,
        "transgression": 1.8798692810457516,
        "grandiosity": 2.6984749455337695,
        "tribalism": 1.3418518518518519,
        "depth": 7.108235294117646,
        "authenticity": 5.795860566448802,
        "sophistication": 6.452047930283225
      },
      "stds": {
        "warmth": 0.44109445860817675,
        "formality": 0.4587042165595899,
        "hedging": 0.6242074516994,
        "aggression": 0.6269502810582734,
        "transgression": 0.3617992172283986,
        "grandiosity": 0.6982454722387401,
        "tribalism": 0.168229841058132,
        "depth": 1.2692161785151854,
        "authenticity": 1.3117265024348512,
        "sophistication": 1.287421104704006
      },
      "models": [
        "gpt-5",
        "gpt-4",
        "gpt-3.5_turbo",
        "gpt-5.1",
        "gpt-5.2",
        "gpt-oss-120b",
        "o3",
        "gpt-4.1",
        "gpt-5.2_pro"
      ]
    },
    "Meta": {
      "n": 5,
      "means": {
        "warmth": 4.410117647058824,
        "formality": 8.132235294117645,
        "hedging": 3.652156862745098,
        "aggression": 1.909176470588235,
        "transgression": 1.5714117647058818,
        "grandiosity": 3.053529411764706,
        "tribalism": 1.1974117647058824,
        "depth": 5.799882352941177,
        "authenticity": 4.23486274509804,
        "sophistication": 5.0173725490196075
      },
      "stds": {
        "warmth": 0.22094396588966303,
        "formality": 0.07313141962738479,
        "hedging": 0.44106179337455503,
        "aggression": 0.2704061407750537,
        "transgression": 0.11205486929705259,
        "grandiosity": 0.6977379141535645,
        "tribalism": 0.06582140037559857,
        "depth": 0.1461731236712614,
        "authenticity": 0.0879375586726059,
        "sophistication": 0.07449152897661152
      },
      "models": [
        "llama-3.3-70b",
        "llama-4-scout-17b",
        "llama-3.2-90b",
        "llama-4-maverick-17b",
        "llama-3.1-70b"
      ]
    },
    "DeepSeek": {
      "n": 1,
      "means": {
        "warmth": 2.647450980392156,
        "formality": 7.947450980392158,
        "hedging": 2.1296078431372547,
        "aggression": 5.8043137254901955,
        "transgression": 4.26843137254902,
        "grandiosity": 6.300196078431372,
        "tribalism": 2.8815686274509806,
        "depth": 7.460392156862747,
        "authenticity": 6.895686274509807,
        "sophistication": 7.178039215686278
      },
      "stds": {
        "warmth": NaN,
        "formality": NaN,
        "hedging": NaN,
        "aggression": NaN,
        "transgression": NaN,
        "grandiosity": NaN,
        "tribalism": NaN,
        "depth": NaN,
        "authenticity": NaN,
        "sophistication": NaN
      },
      "models": [
        "deepseek-r1"
      ]
    },
    "AWS": {
      "n": 3,
      "means": {
        "warmth": 4.359084967320262,
        "formality": 8.490588235294119,
        "hedging": 3.328954248366013,
        "aggression": 1.873267973856209,
        "transgression": 1.4189542483660127,
        "grandiosity": 2.8886928104575165,
        "tribalism": 1.1960130718954247,
        "depth": 6.0194117647058825,
        "authenticity": 4.226928104575163,
        "sophistication": 5.123169934640523
      },
      "stds": {
        "warmth": 0.5446641782103026,
        "formality": 0.11309272920008367,
        "hedging": 0.39452492531994066,
        "aggression": 0.45733932616740863,
        "transgression": 0.13486352811712626,
        "grandiosity": 0.2038105215490406,
        "tribalism": 0.0915126279059702,
        "depth": 0.4351601542668986,
        "authenticity": 0.19066460720019965,
        "sophistication": 0.30101545962496873
      },
      "models": [
        "nova-pro",
        "nova-premier",
        "nova-lite"
      ]
    },
    "Google": {
      "n": 3,
      "means": {
        "warmth": 3.6728758169934648,
        "formality": 7.569150326797387,
        "hedging": 2.4402614379084966,
        "aggression": 4.076209150326797,
        "transgression": 3.127516339869281,