{
  "overall": {
    "n_models": 45,
    "n_high_soph": 23,
    "n_low_soph": 22,
    "providers": {
      "Anthropic": 19,
      "OpenAI": 9,
      "Meta": 5,
      "AWS": 3,
      "Google": 3,
      "xAI": 2,
      "Mistral": 2,
      "DeepSeek": 1,
      "Alibaba": 1
    },
    "overall_means": {
      "warmth": 6.46751746031746,
      "formality": 6.877161904761905,
      "hedging": 4.832495238095238,
      "aggression": 1.1837714285714285,
      "transgression": 1.386590476190476,
      "grandiosity": 1.6693523809523805,
      "tribalism": 1.0642984126984125,
      "depth": 5.9652,
      "authenticity": 4.883384126984127,
      "sophistication": 5.424292063492063
    },
    "overall_stds": {
      "warmth": 0.3006945566667078,
      "formality": 0.5075948247593243,
      "hedging": 0.400810548892985,
      "aggression": 0.08990689061240988,
      "transgression": 0.17550614216294616,
      "grandiosity": 0.10450420804480738,
      "tribalism": 0.04838067798265576,
      "depth": 1.0578778431290172,
      "authenticity": 1.077776887970441,
      "sophistication": 1.0624481722404981
    }
  },
  "by_provider": {
    "Anthropic": {
      "n": 19,
      "means": {
        "warmth": 6.566631578947368,
        "formality": 6.587518796992481,
        "hedging": 4.868451127819548,
        "aggression": 1.2346165413533834,
        "transgression": 1.5112932330827065,
        "grandiosity": 1.6606616541353383,
        "tribalism": 1.0826766917293236,
        "depth": 6.242781954887218,
        "authenticity": 5.284601503759399,
        "sophistication": 5.763691729323308
      },
      "stds": {
        "warmth": 0.21484039488396744,
        "formality": 0.5127371575843059,
        "hedging": 0.3176896375586544,
        "aggression": 0.10375534904257655,
        "transgression": 0.1980454005170296,
        "grandiosity": 0.07827957643831036,
        "tribalism": 0.049928766539239174,
        "depth": 0.9211085839960227,
        "authenticity": 1.020081868995521,
        "sophistication": 0.9678700277513532
      },
      "models": [
        "claude-4-sonnet",
        "claude-4.5-sonnet",
        "claude-3.5-sonnet-v1",
        "claude-3.5-haiku",
        "claude-4.5-haiku",
        "claude-4.5-opus-global-thinking_(thinking)",
        "claude-4.5-sonnet-thinking_(thinking)",
        "claude-4.1-opus-thinking_(thinking)",
        "claude-4.5-opus-global",
        "claude-4-opus-thinking_(thinking)",
        "claude-4-opus",
        "claude-4.1-opus",
        "claude-4.5-haiku-thinking_(thinking)",
        "claude-3.5-sonnet-v2",
        "claude-3-opus",
        "claude-3-sonnet",
        "claude-3.7-sonnet",
        "claude-3-haiku",
        "claude-4-sonnet-thinking_(thinking)"
      ]
    },
    "xAI": {
      "n": 2,
      "means": {
        "warmth": 7.094714285714286,
        "formality": 6.771714285714285,
        "hedging": 5.113999999999999,
        "aggression": 1.0807142857142857,
        "transgression": 1.3181428571428566,
        "grandiosity": 1.829571428571429,
        "tribalism": 1.066857142857143,
        "depth": 5.809428571428571,
        "authenticity": 4.762142857142857,
        "sophistication": 5.285785714285714
      },
      "stds": {
        "warmth": 0.10727820023144571,
        "formality": 0.08121626458199642,
        "hedging": 0.00040406101782110895,
        "aggression": 0.033739094988044074,
        "transgression": 0.10121728496413174,
        "grandiosity": 0.13475434944326525,
        "tribalism": 0.06747818997608783,
        "depth": 0.5394214587908778,
        "authenticity": 0.444669150111882,
        "sophistication": 0.49204530445137956
      },
      "models": [
        "grok-4-0709",
        "grok-3"
      ]
    },
    "OpenAI": {
      "n": 9,
      "means": {
        "warmth": 6.2780000000000005,
        "formality": 6.869111111111112,
        "hedging": 4.386349206349206,
        "aggression": 1.1833333333333331,
        "transgression": 1.3206349206349202,
        "grandiosity": 1.7258730158730158,
        "tribalism": 1.0634285714285714,
        "depth": 6.448603174603175,
        "authenticity": 5.29742857142857,
        "sophistication": 5.8730158730158735
      },
      "stds": {
        "warmth": 0.16845425709875686,
        "formality": 0.43273533044246815,
        "hedging": 0.4714666819612456,
        "aggression": 0.06603307767277536,
        "transgression": 0.0958739369765487,
        "grandiosity": 0.13484345504923306,
        "tribalism": 0.05817724500811892,
        "depth": 1.361733052778509,
        "authenticity": 1.2371619678497545,
        "sophistication": 1.2963198959653963
      },
      "models": [
        "gpt-5",
        "gpt-4",
        "gpt-3.5_turbo",
        "gpt-5.1",
        "gpt-5.2",
        "gpt-oss-120b",
        "o3",
        "gpt-4.1",
        "gpt-5.2_pro"
      ]
    },
    "Meta": {
      "n": 5,
      "means": {
        "warmth": 6.426628571428571,
        "formality": 7.316514285714286,
        "hedging": 5.28177142857143,
        "aggression": 1.1310285714285713,
        "transgression": 1.2611999999999997,
        "grandiosity": 1.6261714285714284,
        "tribalism": 1.0227999999999997,
        "depth": 5.045942857142856,
        "authenticity": 3.793828571428571,
        "sophistication": 4.419885714285714
      },
      "stds": {
        "warmth": 0.40256830577720165,
        "formality": 0.09767530550821127,
        "hedging": 0.14796585375535562,
        "aggression": 0.023798988145185794,
        "transgression": 0.03451967791369585,
        "grandiosity": 0.043294247155190216,
        "tribalism": 0.025707459411380085,
        "depth": 0.09219132722944494,
        "authenticity": 0.17781675961505944,
        "sophistication": 0.12409675290527418
      },
      "models": [
        "llama-3.3-70b",
        "llama-4-scout-17b",
        "llama-3.2-90b",
        "llama-4-maverick-17b",
        "llama-3.1-70b"
      ]
    },
    "DeepSeek": {
      "n": 1,
      "means": {
        "warmth": 6.381142857142856,
        "formality": 7.209428571428572,
        "hedging": 4.772285714285713,
        "aggression": 1.1608571428571426,
        "transgression": 1.4177142857142853,
        "grandiosity": 1.7717142857142854,
        "tribalism": 1.0282857142857142,
        "depth": 6.57142857142857,
        "authenticity": 5.248571428571427,
        "sophistication": 5.909999999999998
      },
      "stds": {
        "warmth": NaN,
        "formality": NaN,
        "hedging": NaN,
        "aggression": NaN,
        "transgression": NaN,
        "grandiosity": NaN,
        "tribalism": NaN,
        "depth": NaN,
        "authenticity": NaN,
        "sophistication": NaN
      },
      "models": [
        "deepseek-r1"
      ]
    },
    "AWS": {
      "n": 3,
      "means": {
        "warmth": 6.355904761904761,
        "formality": 7.3745714285714286,
        "hedging": 4.853809523809523,
        "aggression": 1.0914285714285714,
        "transgression": 1.29647619047619,
        "grandiosity": 1.5519999999999996,
        "tribalism": 1.0475238095238095,
        "depth": 4.561809523809523,
        "authenticity": 3.5557142857142856,
        "sophistication": 4.058761904761905
      },
      "stds": {
        "warmth": 0.2662526548045596,
        "formality": 0.30795454209996626,
        "hedging": 0.18862906767003831,
        "aggression": 0.014402380755575485,
        "transgression": 0.03957460877714343,
        "grandiosity": 0.08753681441285723,
        "tribalism": 0.028428691074167876,
        "depth": 0.16527832637726,
        "authenticity": 0.042515783383758554,
        "sophistication": 0.10204844121171809
      },
      "models": [
        "nova-pro",
        "nova-premier",
        "nova-lite"
      ]
    },
    "Google": {
      "n": 3,
      "means": {
        "warmth": 6.269619047619046,
        "formality": 7.123904761904762,
        "hedging": 4.764857142857143,
        "aggression": 1.1704761904761902,
        "transgression": 1.253238095238095,