{
  "original": {
    "dimension": "disinhibition",
    "outliers_removed": false,
    "timestamp": "2026-01-10T18:26:13.055363",
    "conditions": {
      "baseline": {
        "n": 46,
        "mean": 1.530592391304348,
        "sd": 0.19746187704279958,
        "var": 0.038991192885265695,
        "cv": 12.901009972650233,
        "range": 1.1196999999999997,
        "min": 1.1864999999999999,
        "max": 2.3061999999999996
      },
      "authority": {
        "n": 45,
        "mean": 1.6394324618736382,
        "sd": 0.26405414408894934,
        "var": 0.06972459101054762,
        "cv": 16.106436235084242,
        "range": 1.448186274509804,
        "min": 1.3039215686274508,
        "max": 2.7521078431372548
      },
      "minimal_steering": {
        "n": 46,
        "mean": 1.3254254658385094,
        "sd": 0.08055504583601283,
        "var": 0.006489115409642128,
        "cv": 6.077674521294259,
        "range": 0.30285714285714316,
        "min": 1.2087142857142854,
        "max": 1.5115714285714286
      },
      "telemetryV3": {
        "n": 46,
        "mean": 1.3253355013439394,
        "sd": 0.14180028439212417,
        "var": 0.020107320653687293,
        "cv": 10.69919912718956,
        "range": 0.9585277777777779,
        "min": 1.0138333333333334,
        "max": 1.9723611111111112
      },
      "urgency": {
        "n": 45,
        "mean": 2.37762962962963,
        "sd": 0.842065463774076,
        "var": 0.7090742452810497,
        "cv": 35.416174717895274,
        "range": 3.420294117647059,
        "min": 1.393333333333333,
        "max": 4.813627450980392
      }
    },
    "variance_ratios": {
      "authority": 1.7882138465400916,
      "minimal_steering": 0.16642515731018548,
      "telemetryV3": 0.5156887790751744,
      "urgency": 18.185497616539973
    },
    "levene_omnibus": {
      "W": 26.79284562454924,
      "p": 3.689751859053422e-18
    },
    "pairwise_levene": {
      "authority": {
        "W": 0.7744703688809251,
        "p": 0.38120778730805005,
        "significant": false
      },
      "minimal_steering": {
        "W": 20.799903495351746,
        "p": 1.6032716063934244e-05,
        "significant": true
      },
      "telemetryV3": {
        "W": 8.768480791642599,
        "p": 0.00391849566965405,
        "significant": true
      },
      "urgency": {
        "W": 25.371605782565613,
        "p": 2.456441478977896e-06,
        "significant": true
      }
    },
    "summary": {
      "most_consistent": "minimal_steering",
      "most_variable": "urgency",
      "variance_ratio": 109.2713259849627
    }
  },
  "outliers_removed": {
    "dimension": "disinhibition",
    "outliers_removed": true,
    "timestamp": "2026-01-10T18:26:13.059153",
    "conditions": {
      "baseline": {
        "n": 45,
        "mean": 1.5133566666666667,
        "sd": 0.16093959609402872,
        "var": 0.0259015535909091,
        "cv": 10.634611102517939,
        "range": 0.6783499999999998,
        "min": 1.1864999999999999,
        "max": 1.8648499999999997
      },
      "authority": {
        "n": 44,
        "mean": 1.6141443850267378,
        "sd": 0.2046947858282595,
        "var": 0.041899955345277025,
        "cv": 12.681318209638897,
        "range": 0.8421568627450986,
        "min": 1.3039215686274508,
        "max": 2.1460784313725494
      },
      "minimal_steering": {
        "n": 45,
        "mean": 1.3260031746031746,
        "sd": 0.08136887615292744,
        "var": 0.006620894006390443,
        "cv": 6.136401308185272,
        "range": 0.30285714285714316,
        "min": 1.2087142857142854,
        "max": 1.5115714285714286
      },
      "telemetryV3": {
        "n": 44,
        "mean": 1.3011383145363407,
        "sd": 0.08155367593397397,
        "var": 0.0066510020583436455,
        "cv": 6.267871372540093,
        "range": 0.5345694444444442,
        "min": 1.0138333333333334,
        "max": 1.5484027777777776
      },
      "urgency": {
        "n": 44,
        "mean": 2.3222660427807487,
        "sd": 0.7644775664008097,
        "var": 0.5844259495301043,
        "cv": 32.91946539791806,
        "range": 2.768382352941177,
        "min": 1.393333333333333,
        "max": 4.16171568627451
      }
    },
    "variance_ratios": {
      "authority": 1.617661859479465,
      "minimal_steering": 0.25561764019878086,
      "telemetryV3": 0.2567800435213279,
      "urgency": 22.563355031152476
    },
    "levene_omnibus": {
      "W": 31.70384080028559,
      "p": 8.464148431070785e-21
    },
    "pairwise_levene": {
      "authority": {
        "W": 0.875766001671428,
        "p": 0.351954376197523,
        "significant": false
      },
      "minimal_steering": {
        "W": 25.998101984643707,
        "p": 1.941483746801137e-06,
        "significant": true
      },
      "telemetryV3": {
        "W": 30.43664525032339,
        "p": 3.497605935319211e-07,
        "significant": true
      },
      "urgency": {
        "W": 28.18042399229262,
        "p": 8.35219293354141e-07,
        "significant": true
      }
    },
    "summary": {
      "most_consistent": "minimal_steering",
      "most_variable": "urgency",
      "variance_ratio": 88.26994496000393
    }
  }
}