{
  "overall": {
    "n_models": 45,
    "n_high_soph": 23,
    "n_low_soph": 22,
    "providers": {
      "Anthropic": 19,
      "OpenAI": 9,
      "Meta": 5,
      "AWS": 3,
      "Google": 3,
      "xAI": 2,
      "Mistral": 2,
      "DeepSeek": 1,
      "Alibaba": 1
    },
    "overall_means": {
      "warmth": 6.9285470085470084,
      "formality": 6.475282051282054,
      "hedging": 5.464871794871795,
      "aggression": 1.8461196581196577,
      "transgression": 1.9529743589743587,
      "grandiosity": 2.111196581196581,
      "tribalism": 1.3215213675213675,
      "depth": 6.825709401709399,
      "authenticity": 6.069641025641025,
      "sophistication": 6.447675213675214
    },
    "overall_stds": {
      "warmth": 0.5291599506971327,
      "formality": 1.0966065633646447,
      "hedging": 0.642939264886223,
      "aggression": 0.5751213113267627,
      "transgression": 0.7478034105487901,
      "grandiosity": 0.36313871983417967,
      "tribalism": 0.30781245420405323,
      "depth": 1.278422917386497,
      "authenticity": 1.6296978156744892,
      "sophistication": 1.4401469524758093
    }
  },
  "by_provider": {
    "Anthropic": {
      "n": 19,
      "means": {
        "warmth": 6.812348178137651,
        "formality": 5.817935222672065,
        "hedging": 5.47089068825911,
        "aggression": 2.0252631578947367,
        "transgression": 2.2187044534412954,
        "grandiosity": 2.019838056680162,
        "tribalism": 1.3562348178137653,
        "depth": 6.897206477732793,
        "authenticity": 6.538340080971659,
        "sophistication": 6.717773279352226
      },
      "stds": {
        "warmth": 0.47861146369584495,
        "formality": 1.1582956389261185,
        "hedging": 0.380751900076796,
        "aggression": 0.4095920312076274,
        "transgression": 0.6304347691876058,
        "grandiosity": 0.15082363813084768,
        "tribalism": 0.24147420000087913,
        "depth": 1.217330996132006,
        "authenticity": 1.6168519437368636,
        "sophistication": 1.4124552763217886
      },
      "models": [
        "claude-4-sonnet",
        "claude-4.5-sonnet",
        "claude-3.5-sonnet-v1",
        "claude-3.5-haiku",
        "claude-4.5-haiku",
        "claude-4.5-opus-global-thinking_(thinking)",
        "claude-4.5-sonnet-thinking_(thinking)",
        "claude-4.1-opus-thinking_(thinking)",
        "claude-4.5-opus-global",
        "claude-4-opus-thinking_(thinking)",
        "claude-4-opus",
        "claude-4.1-opus",
        "claude-4.5-haiku-thinking_(thinking)",
        "claude-3.5-sonnet-v2",
        "claude-3-opus",
        "claude-3-sonnet",
        "claude-3.7-sonnet",
        "claude-3-haiku",
        "claude-4-sonnet-thinking_(thinking)"
      ]
    },
    "xAI": {
      "n": 2,
      "means": {
        "warmth": 7.2688461538461535,
        "formality": 5.821153846153846,
        "hedging": 5.576923076923077,
        "aggression": 2.011538461538461,
        "transgression": 2.1788461538461537,
        "grandiosity": 2.3980769230769234,
        "tribalism": 1.5511538461538459,
        "depth": 7.423846153846155,
        "authenticity": 6.8465384615384615,
        "sophistication": 7.135192307692308
      },
      "stds": {
        "warmth": 0.3443066096085265,
        "formality": 0.325813047639032,
        "hedging": 0.2360648792576628,
        "aggression": 0.16209063137968527,
        "transgression": 0.21702738899494817,
        "grandiosity": 0.23660880755088362,
        "tribalism": 0.16372241625934703,
        "depth": 0.19907775531867383,
        "authenticity": 0.07343031958475722,
        "sophistication": 0.06282371786695862
      },
      "models": [
        "grok-4-0709",
        "grok-3"
      ]
    },
    "OpenAI": {
      "n": 9,
      "means": {
        "warmth": 6.834444444444445,
        "formality": 6.834871794871795,
        "hedging": 5.225384615384615,
        "aggression": 1.6658974358974359,
        "transgression": 1.7576923076923079,
        "grandiosity": 2.088376068376068,
        "tribalism": 1.1964102564102563,
        "depth": 7.273931623931623,
        "authenticity": 6.293760683760684,
        "sophistication": 6.783846153846154
      },
      "stds": {
        "warmth": 0.4384024551585225,
        "formality": 0.5652277385706617,
        "hedging": 0.6120173499880461,
        "aggression": 0.31333008097686754,
        "transgression": 0.39117464584287137,
        "grandiosity": 0.15817863303051707,
        "tribalism": 0.2509484965665148,
        "depth": 1.6395422331813452,
        "authenticity": 1.684579005773539,
        "sophistication": 1.6587477342435133
      },
      "models": [
        "gpt-5",
        "gpt-4",
        "gpt-3.5_turbo",
        "gpt-5.1",
        "gpt-5.2",
        "gpt-oss-120b",
        "o3",
        "gpt-4.1",
        "gpt-5.2_pro"
      ]
    },
    "Meta": {
      "n": 5,
      "means": {
        "warmth": 7.379230769230769,
        "formality": 7.317692307692307,
        "hedging": 6.092461538461539,
        "aggression": 1.4353846153846153,
        "transgression": 1.265846153846154,
        "grandiosity": 2.0053846153846155,
        "tribalism": 1.1126153846153846,
        "depth": 5.938000000000001,
        "authenticity": 4.646615384615385,
        "sophistication": 5.292307692307692
      },
      "stds": {
        "warmth": 0.2631129080202337,
        "formality": 0.2883240698082091,
        "hedging": 0.22092489821404826,
        "aggression": 0.08488767377990339,
        "transgression": 0.05330941278164919,
        "grandiosity": 0.12230043519834304,
        "tribalism": 0.08421865033998553,
        "depth": 0.26258985500712445,
        "authenticity": 0.23256582703683154,
        "sophistication": 0.2311626454232024
      },
      "models": [
        "llama-3.3-70b",
        "llama-4-scout-17b",
        "llama-3.2-90b",
        "llama-4-maverick-17b",
        "llama-3.1-70b"
      ]
    },
    "DeepSeek": {
      "n": 1,
      "means": {
        "warmth": 7.153076923076923,
        "formality": 7.358461538461539,
        "hedging": 5.204615384615384,
        "aggression": 2.076153846153846,
        "transgression": 2.076153846153846,
        "grandiosity": 2.5392307692307696,
        "tribalism": 1.5384615384615385,
        "depth": 7.332307692307692,
        "authenticity": 6.256923076923077,
        "sophistication": 6.794615384615385
      },
      "stds": {
        "warmth": NaN,
        "formality": NaN,
        "hedging": NaN,
        "aggression": NaN,
        "transgression": NaN,
        "grandiosity": NaN,
        "tribalism": NaN,
        "depth": NaN,
        "authenticity": NaN,
        "sophistication": NaN
      },
      "models": [
        "deepseek-r1"
      ]
    },
    "AWS": {
      "n": 3,
      "means": {
        "warmth": 7.093846153846155,
        "formality": 7.846153846153847,
        "hedging": 5.743333333333333,
        "aggression": 1.3069230769230769,
        "transgression": 1.2635897435897436,
        "grandiosity": 1.8892307692307693,
        "tribalism": 1.2820512820512822,
        "depth": 5.615641025641025,
        "authenticity": 4.23948717948718,
        "sophistication": 4.927564102564102
      },
      "stds": {
        "warmth": 0.2838253067182838,
        "formality": 0.07731056251847572,
        "hedging": 0.2906169048839709,
        "aggression": 0.06716137943471645,
        "transgression": 0.06469927399304289,
        "grandiosity": 0.10259070167907934,
        "tribalism": 0.13548583046359594,
        "depth": 0.168393617029893,
        "authenticity": 0.14766893511643567,
        "sophistication": 0.05164502950893069
      },
      "models": [
        "nova-pro",
        "nova-premier",
        "nova-lite"
      ]
    },
    "Google": {
      "n": 3,
      "means": {
        "warmth": 6.563589743589744,
        "formality": 6.068205128205128,
        "hedging": 4.2384615384615385,
        "aggression": 2.836923076923077,
        "transgression": 3.0851282051282047,