{
  "overall": {
    "n_models": 45,
    "n_high_soph": 23,
    "n_low_soph": 22,
    "providers": {
      "Anthropic": 19,
      "OpenAI": 9,
      "Meta": 5,
      "AWS": 3,
      "Google": 3,
      "xAI": 2,
      "Mistral": 2,
      "DeepSeek": 1,
      "Alibaba": 1
    },
    "overall_means": {
      "warmth": 5.8652552956465245,
      "formality": 6.863887672885919,
      "hedging": 4.382171651350598,
      "aggression": 1.2429758563074351,
      "transgression": 1.3987747516940496,
      "grandiosity": 1.5988297874315414,
      "tribalism": 1.088450691543674,
      "depth": 5.650858080386151,
      "authenticity": 4.533134410099322,
      "sophistication": 5.091996245242736
    },
    "overall_stds": {
      "warmth": 0.48051819845811183,
      "formality": 0.4713850769860464,
      "hedging": 0.4318758555703947,
      "aggression": 0.17672530840451384,
      "transgression": 0.20859055503108137,
      "grandiosity": 0.14861275109169209,
      "tribalism": 0.06394409514877168,
      "depth": 1.2315140970946588,
      "authenticity": 1.1093011035143563,
      "sophistication": 1.1626445585463707
    }
  },
  "by_provider": {
    "Anthropic": {
      "n": 19,
      "means": {
        "warmth": 5.963557863958141,
        "formality": 6.726590687244427,
        "hedging": 4.4549679461812435,
        "aggression": 1.279094864353867,
        "transgression": 1.489875873895264,
        "grandiosity": 1.602974057951897,
        "tribalism": 1.0743276612584092,
        "depth": 6.100862705008134,
        "authenticity": 4.954338807545179,
        "sophistication": 5.527600756276656
      },
      "stds": {
        "warmth": 0.39294575377443336,
        "formality": 0.54988627254908,
        "hedging": 0.5220031071697713,
        "aggression": 0.2333526111514408,
        "transgression": 0.2643200262655917,
        "grandiosity": 0.11705797825391791,
        "tribalism": 0.07139270669860252,
        "depth": 0.9007871240051804,
        "authenticity": 0.9593868332509069,
        "sophistication": 0.9186624146302454
      },
      "models": [
        "claude-4-sonnet",
        "claude-4.5-sonnet",
        "claude-3.5-sonnet-v1",
        "claude-3.5-haiku",
        "claude-4.5-haiku",
        "claude-4.5-opus-global-thinking_(thinking)",
        "claude-4.5-sonnet-thinking_(thinking)",
        "claude-4.1-opus-thinking_(thinking)",
        "claude-4.5-opus-global",
        "claude-4-opus-thinking_(thinking)",
        "claude-4-opus",
        "claude-4.1-opus",
        "claude-4.5-haiku-thinking_(thinking)",
        "claude-3.5-sonnet-v2",
        "claude-3-opus",
        "claude-3-sonnet",
        "claude-3.7-sonnet",
        "claude-3-haiku",
        "claude-4-sonnet-thinking_(thinking)"
      ]
    },
    "xAI": {
      "n": 2,
      "means": {
        "warmth": 6.712222222222223,
        "formality": 7.041527777777778,
        "hedging": 4.744583333333335,
        "aggression": 1.3980555555555556,
        "transgression": 1.5454166666666662,
        "grandiosity": 1.9027777777777777,
        "tribalism": 1.1759722222222222,
        "depth": 5.925694444444446,
        "authenticity": 4.777916666666666,
        "sophistication": 5.351805555555556
      },
      "stds": {
        "warmth": 0.17009846458543018,
        "formality": 0.09762001951381029,
        "hedging": 0.12511861655995307,
        "aggression": 0.44508443504686596,
        "transgression": 0.3804627319884287,
        "grandiosity": 0.3343043726609733,
        "tribalism": 0.1832585074575135,
        "depth": 0.24886230326759878,
        "authenticity": 0.4452808535971946,
        "sophistication": 0.3470715784323967
      },
      "models": [
        "grok-4-0709",
        "grok-3"
      ]
    },
    "OpenAI": {
      "n": 9,
      "means": {
        "warmth": 5.9564814814814815,
        "formality": 6.828240740740741,
        "hedging": 4.243611111111111,
        "aggression": 1.2101234567901231,
        "transgression": 1.356234567901234,
        "grandiosity": 1.6300925925925922,
        "tribalism": 1.0812037037037039,
        "depth": 6.177098765432099,
        "authenticity": 4.986820987654321,
        "sophistication": 5.58195987654321
      },
      "stds": {
        "warmth": 0.4682274865561246,
        "formality": 0.5489545690010799,
        "hedging": 0.5319694293523197,
        "aggression": 0.07772420167530256,
        "transgression": 0.07547855439932111,
        "grandiosity": 0.17067229311110374,
        "tribalism": 0.0459950849494397,
        "depth": 1.626488273312659,
        "authenticity": 1.349473284816513,
        "sophistication": 1.4804783119775646
      },
      "models": [
        "gpt-5",
        "gpt-4",
        "gpt-3.5_turbo",
        "gpt-5.1",
        "gpt-5.2",
        "gpt-oss-120b",
        "o3",
        "gpt-4.1",
        "gpt-5.2_pro"
      ]
    },
    "Meta": {
      "n": 5,
      "means": {
        "warmth": 5.3869444444444445,
        "formality": 7.059444444444445,
        "hedging": 4.314611111111111,
        "aggression": 1.1733333333333331,
        "transgression": 1.2301666666666662,
        "grandiosity": 1.5140555555555553,
        "tribalism": 1.1091666666666664,
        "depth": 4.283222222222223,
        "authenticity": 3.3112777777777778,
        "sophistication": 3.7972499999999996
      },
      "stds": {
        "warmth": 0.21602683303838138,
        "formality": 0.3489171410181733,
        "hedging": 0.26786598074779033,
        "aggression": 0.01897956178187735,
        "transgression": 0.04991721541774652,
        "grandiosity": 0.07348747478732191,
        "tribalism": 0.031042831820041947,
        "depth": 0.18182625508170544,
        "authenticity": 0.10939748005313142,
        "sophistication": 0.13740844314274758
      },
      "models": [
        "llama-3.3-70b",
        "llama-4-scout-17b",
        "llama-3.2-90b",
        "llama-4-maverick-17b",
        "llama-3.1-70b"
      ]
    },
    "DeepSeek": {
      "n": 1,
      "means": {
        "warmth": 5.471944444444445,
        "formality": 7.2213888888888915,
        "hedging": 4.259166666666667,
        "aggression": 1.258611111111111,
        "transgression": 1.4522222222222219,
        "grandiosity": 1.6649999999999991,
        "tribalism": 1.0644444444444445,
        "depth": 6.018333333333334,
        "authenticity": 4.731666666666669,
        "sophistication": 5.375000000000002
      },
      "stds": {
        "warmth": NaN,
        "formality": NaN,
        "hedging": NaN,
        "aggression": NaN,
        "transgression": NaN,
        "grandiosity": NaN,
        "tribalism": NaN,
        "depth": NaN,
        "authenticity": NaN,
        "sophistication": NaN
      },
      "models": [
        "deepseek-r1"
      ]
    },
    "AWS": {
      "n": 3,
      "means": {
        "warmth": 5.288796296296296,
        "formality": 6.862500000000001,
        "hedging": 4.260277777777779,
        "aggression": 1.1662037037037034,
        "transgression": 1.2917592592592586,
        "grandiosity": 1.4152777777777772,
        "tribalism": 1.1203703703703705,
        "depth": 4.056574074074073,
        "authenticity": 3.2104629629629637,
        "sophistication": 3.633518518518519
      },
      "stds": {
        "warmth": 0.16994015225894646,
        "formality": 0.10094155502499541,
        "hedging": 0.013237502841604033,
        "aggression": 0.04215851675497391,
        "transgression": 0.014033506347720931,
        "grandiosity": 0.00972222222222241,
        "tribalism": 0.02441022436394111,
        "depth": 0.0777109501263967,
        "authenticity": 0.028035379617334575,
        "sophistication": 0.04755283232510872
      },
      "models": [
        "nova-pro",
        "nova-premier",
        "nova-lite"
      ]
    },
    "Google": {
      "n": 3,
      "means": {
        "warmth": 5.9753703703703716,
        "formality": 7.132777777777778,
        "hedging": 4.265370370370371,
        "aggression": 1.2464814814814813,
        "transgression": 1.3198148148148146,